{
  "configuration": "without_dbscan",
  "episodes": 100,
  "mean_reward": 19577.148287475768,
  "std_reward": 605.0775693615018,
  "detailed_results": {
    "total_rewards": [
      19939.17591477037,
      18738.56572306359,
      18669.871076316427,
      19927.74851673209,
      19955.09681268477,
      19000.530747591143,
      19510.434192953224,
      20142.763400919674,
      17422.60745353086,
      19025.882406617497,
      20233.612849826903,
      19501.194168718026,
      18240.17221907096,
      18955.212720296844,
      19973.134683925942,
      19391.153964460074,
      19673.236725094765,
      19709.76335187775,
      20402.521604094996,
      17755.70427747008,
      20092.823797929464,
      19743.81153865708,
      20091.718401979706,
      19880.981795247753,
      19841.710468880417,
      20036.330000110178,
      19970.91890638245,
      20009.6026723907,
      19157.25073800375,
      19929.156274933972,
      19637.78688909041,
      20139.006304786282,
      18592.28136385974,
      19526.46027195748,
      20141.269206415913,
      19780.108633026295,
      19814.14347244298,
      19154.31054313138,
      19203.034432580575,
      18404.411445205726,
      18169.48972237817,
      20013.40201261178,
      19193.59198118059,
      20010.0697969364,
      18529.269849506793,
      19488.570307851332,
      19193.531482538496,
      19570.72413200969,
      19683.772057826704,
      19898.380461581244,
      19884.237956629207,
      20158.002333395132,
      18706.40090431954,
      20109.03391699055,
      19741.90549383365,
      19629.43187200126,
      18353.7530747338,
      20360.067259844338,
      20106.89029289828,
      19022.275042114685,
      19740.571396862204,
      19162.89083741791,
      19868.701832731076,
      20332.662374641877,
      20135.11879787382,
      19619.056728131858,
      20033.589060974744,
      19868.496361299683,
      19864.70730678699,
      19333.89247529442,
      19850.14733897607,
      20168.480794450916,
      19708.185481151155,
      19537.135638989643,
      18793.195810799396,
      20325.73592138,
      19615.388707403745,
      20339.010496962608,
      20766.776707123812,
      19808.33612778329,
      18956.888469354017,
      19492.603955932464,
      19492.64822823979,
      19948.633648912753,
      19620.76781643805,
      19482.43081915212,
      19443.577272134742,
      19567.57677131594,
      19097.517087600652,
      18807.884664562367,
      20460.412081055692,
      19196.06701340412,
      19797.13485393485,
      19689.54757653629,
      19653.88091907332,
      20234.939875481276,
      19554.48499977422,
      20149.96544186062,
      20157.50200154799,
      18899.98513602012
    ],
    "total_waiting_times": [
      10540,
      13211,
      13907,
      9872,
      10318,
      13337,
      11054,
      9569,
      16865,
      12900,
      9317,
      11187,
      15357,
      12637,
      10449,
      12041,
      10765,
      10880,
      8501,
      16577,
      9425,
      11033,
      9401,
      10038,
      9954,
      9882,
      9427,
      9367,
      12271,
      10073,
      11272,
      9535,
      13759,
      11796,
      9823,
      10332,
      10793,
      11579,
      11698,
      14752,
      15193,
      9794,
      12314,
      9889,
      13127,
      11750,
      12454,
      11548,
      11253,
      10433,
      10105,
      9180,
      13899,
      9457,
      10796,
      11108,
      14523,
      8547,
      9604,
      13242,
      10624,
      12657,
      9988,
      8535,
      9563,
      11287,
      9897,
      10363,
      10759,
      12222,
      10244,
      9523,
      10998,
      10880,
      13551,
      8781,
      10763,
      9006,
      7982,
      10365,
      13475,
      11400,
      10905,
      10178,
      11318,
      11678,
      11296,
      10900,
      12752,
      13504,
      8699,
      12461,
      10656,
      11027,
      11248,
      8992,
      11593,
      9305,
      9423,
      13582
    ],
    "avg_queue_lengths": [
      12.5,
      5.25,
      7.25,
      9.75,
      4.75,
      11.0,
      12.5,
      9.75,
      19.25,
      14.0,
      7.25,
      14.0,
      10.25,
      15.5,
      5.5,
      9.5,
      9.0,
      12.5,
      6.0,
      17.0,
      15.75,
      14.25,
      4.75,
      16.0,
      10.75,
      7.75,
      12.0,
      17.0,
      12.5,
      6.5,
      5.5,
      4.25,
      16.25,
      6.0,
      8.5,
      8.0,
      5.0,
      15.25,
      11.5,
      13.75,
      16.75,
      12.5,
      6.75,
      4.5,
      17.25,
      5.25,
      7.5,
      7.75,
      4.25,
      7.0,
      14.75,
      5.0,
      9.25,
      5.75,
      8.25,
      14.0,
      17.25,
      8.5,
      11.0,
      7.75,
      7.0,
      10.25,
      8.25,
      8.25,
      8.0,
      5.75,
      4.75,
      8.25,
      9.75,
      9.0,
      9.0,
      5.0,
      5.25,
      17.5,
      6.5,
      7.5,
      7.25,
      5.75,
      7.75,
      9.5,
      6.5,
      14.25,
      16.75,
      6.0,
      5.5,
      4.75,
      7.75,
      7.5,
      14.5,
      17.0,
      7.25,
      7.0,
      8.5,
      13.0,
      7.75,
      5.0,
      6.5,
      12.0,
      12.0,
      4.5
    ],
    "throughputs": [
      0,
      0,
      0,
      0,
      0,
      0,
      0,
      0,
      0,
      0,
      0,
      0,
      0,
      0,
      0,
      0,
      0,
      0,
      0,
      0,
      0,
      0,
      0,
      0,
      0,
      0,
      0,
      0,
      0,
      0,
      0,
      0,
      0,
      0,
      0,
      0,
      0,
      0,
      0,
      0,
      0,
      0,
      0,
      0,
      0,
      0,
      0,
      0,
      0,
      0,
      0,
      0,
      0,
      0,
      0,
      0,
      0,
      0,
      0,
      0,
      0,
      0,
      0,
      0,
      0,
      0,
      0,
      0,
      0,
      0,
      0,
      0,
      0,
      0,
      0,
      0,
      0,
      0,
      0,
      0,
      0,
      0,
      0,
      0,
      0,
      0,
      0,
      0,
      0,
      0,
      0,
      0,
      0,
      0,
      0,
      0,
      0,
      0,
      0,
      0
    ]
  }
}