{
  "configuration": "without_rl",
  "episodes": 100,
  "mean_reward": 14592.997479059253,
  "std_reward": 62.29222719933472,
  "detailed_results": {
    "total_rewards": [
      14578.718481380945,
      14571.424163065602,
      14547.097963272936,
      14557.009636148952,
      14486.525566322003,
      14636.919864425165,
      14563.264469020833,
      14607.326800987836,
      14675.776421641813,
      14608.406398695677,
      14568.436671495687,
      14582.052528518248,
      14659.161448073899,
      14582.583133997789,
      14547.495803165712,
      14515.994221128574,
      14590.14005131712,
      14653.08141986787,
      14678.210574789102,
      14537.063476058303,
      14625.60911988741,
      14605.306991943728,
      14522.76208245063,
      14594.239676438778,
      14489.155472028857,
      14657.988350198526,
      14726.661692211612,
      14584.396300766984,
      14515.593744109528,
      14608.133138250649,
      14635.267751534606,
      14549.748032064927,
      14538.180289559888,
      14583.851571018125,
      14678.454850936087,
      14541.981028814896,
      14557.472545715957,
      14603.535171452624,
      14556.92673890315,
      14620.142736185702,
      14614.63099799787,
      14541.043831687346,
      14502.707858618953,
      14666.808225807237,
      14683.727461821261,
      14531.200663693775,
      14623.542016140093,
      14644.737948599412,
      14607.67430286901,
      14524.13684069685,
      14581.035769552875,
      14610.090175794752,
      14566.404063154887,
      14610.005707989383,
      14578.122905122927,
      14599.503561069292,
      14717.711451476562,
      14512.903113908986,
      14620.060829480066,
      14581.344175700924,
      14540.862497480233,
      14591.374787984298,
      14625.265860631083,
      14650.871802499734,
      14599.982918330885,
      14602.307231162951,
      14648.949712740163,
      14592.802043888005,
      14606.33923955988,
      14587.232739511799,
      14518.601405729842,
      14538.265030034243,
      14520.122365720163,
      14688.849491892013,
      14576.601625594158,
      14742.355066681082,
      14544.940634301931,
      14634.814408576942,
      14482.149889874852,
      14653.794875385294,
      14682.640003939414,
      14546.3845044156,
      14746.082723681417,
      14582.11445676087,
      14459.148842957184,
      14661.74729628889,
      14520.975050030624,
      14574.798736557768,
      14573.329439378926,
      14585.198030452044,
      14607.309664213139,
      14542.433780458106,
      14627.883703719368,
      14697.51034830269,
      14637.96017297879,
      14515.27282968874,
      14727.758835231434,
      14438.745322187418,
      14629.538958952164,
      14536.943299122062
    ],
    "total_waiting_times": [
      27089,
      26728,
      26912,
      26676,
      27148,
      26642,
      26905,
      26441,
      26208,
      26742,
      26963,
      26636,
      26884,
      26824,
      26855,
      26979,
      26732,
      26537,
      26623,
      27113,
      26555,
      26480,
      26672,
      26591,
      27168,
      26483,
      26339,
      26932,
      27124,
      26518,
      26722,
      27016,
      26635,
      26927,
      26607,
      26854,
      26552,
      26432,
      26729,
      26663,
      26555,
      26687,
      27007,
      26428,
      26494,
      26942,
      26769,
      26695,
      26677,
      27191,
      27056,
      26775,
      26861,
      26522,
      26521,
      26832,
      26324,
      27110,
      26487,
      26770,
      26841,
      27060,
      26999,
      26669,
      26537,
      26672,
      26654,
      26751,
      27039,
      26947,
      27163,
      26756,
      26958,
      26497,
      26934,
      26244,
      26975,
      26545,
      27175,
      26368,
      26180,
      26561,
      26278,
      26807,
      27216,
      26558,
      26929,
      27220,
      26931,
      26584,
      26306,
      26793,
      26439,
      26372,
      26814,
      26791,
      26152,
      27306,
      26960,
      26629
    ],
    "avg_queue_lengths": [
      26.0,
      26.0,
      25.5,
      26.25,
      25.5,
      26.25,
      26.0,
      26.25,
      26.0,
      25.75,
      26.25,
      26.0,
      26.0,
      26.0,
      25.75,
      26.25,
      26.0,
      26.0,
      25.5,
      26.0,
      26.25,
      26.25,
      26.25,
      25.75,
      25.75,
      26.0,
      26.0,
      26.25,
      25.75,
      25.75,
      26.0,
      25.75,
      26.5,
      26.25,
      25.75,
      26.0,
      25.75,
      26.5,
      26.0,
      25.75,
      26.0,
      25.75,
      25.75,
      26.0,
      25.5,
      26.25,
      25.5,
      26.0,
      25.75,
      25.75,
      25.75,
      26.25,
      25.5,
      26.25,
      26.25,
      26.25,
      26.0,
      26.0,
      26.25,
      25.75,
      26.25,
      25.5,
      25.5,
      25.75,
      25.5,
      25.75,
      26.0,
      25.75,
      26.0,
      25.75,
      26.25,
      26.25,
      25.5,
      25.5,
      26.0,
      25.75,
      25.75,
      26.25,
      25.75,
      26.0,
      26.25,
      26.0,
      26.5,
      26.25,
      26.25,
      25.75,
      26.0,
      26.0,
      26.5,
      26.25,
      26.0,
      26.25,
      26.25,
      25.5,
      26.0,
      26.0,
      26.25,
      26.25,
      26.0,
      25.75
    ],
    "throughputs": [
      0,
      0,
      0,
      0,
      0,
      0,
      0,
      0,
      0,
      0,
      0,
      0,
      0,
      0,
      0,
      0,
      0,
      0,
      0,
      0,
      0,
      0,
      0,
      0,
      0,
      0,
      0,
      0,
      0,
      0,
      0,
      0,
      0,
      0,
      0,
      0,
      0,
      0,
      0,
      0,
      0,
      0,
      0,
      0,
      0,
      0,
      0,
      0,
      0,
      0,
      0,
      0,
      0,
      0,
      0,
      0,
      0,
      0,
      0,
      0,
      0,
      0,
      0,
      0,
      0,
      0,
      0,
      0,
      0,
      0,
      0,
      0,
      0,
      0,
      0,
      0,
      0,
      0,
      0,
      0,
      0,
      0,
      0,
      0,
      0,
      0,
      0,
      0,
      0,
      0,
      0,
      0,
      0,
      0,
      0,
      0,
      0,
      0,
      0,
      0
    ]
  }
}