{
  "configuration": "without_yolo",
  "episodes": 100,
  "mean_reward": 18993.161653285602,
  "std_reward": 2739.759805071821,
  "detailed_results": {
    "total_rewards": [
      20612.941779438228,
      18567.91178966266,
      19494.20119846211,
      19643.01610191002,
      20215.991191144694,
      20968.19829698624,
      20874.309960507875,
      11447.264999435702,
      19509.311170844423,
      21060.1648105123,
      13307.43793512775,
      20232.872639327907,
      20754.07205802686,
      20152.060972570045,
      18820.44119436648,
      18606.63317491962,
      19985.84796191518,
      20292.623109468524,
      20797.213903319833,
      21036.298144232816,
      20949.273378367227,
      20779.48317738616,
      19098.4128617614,
      19547.52580603997,
      20763.74425706642,
      12320.945394085165,
      20248.809686909965,
      14284.809795925281,
      11622.458424884822,
      20174.508842218016,
      19771.83120142097,
      21357.42519649231,
      19149.26952432428,
      19800.593575832358,
      19714.6913967321,
      19481.140187565587,
      20432.209257703867,
      20706.670608564425,
      19140.12741470921,
      20572.19863150145,
      19918.78850967054,
      16418.47352605392,
      21122.326060800682,
      19561.828360063548,
      20878.903617924487,
      20007.723485445797,
      20448.74130951646,
      19418.263183614075,
      20872.61619836816,
      21072.288099744757,
      20215.386589629376,
      11452.90475447388,
      11400.388274976971,
      11424.87529923176,
      20798.899570193145,
      20270.648410041256,
      20769.888745805045,
      19220.838181263152,
      19181.898909857813,
      21120.87690429253,
      21174.627671781738,
      19488.322964653675,
      18285.85758625061,
      13015.39573871787,
      19090.256005125768,
      19183.05186899558,
      14580.800686723798,
      19340.254895087444,
      19543.98418713059,
      20680.64497262347,
      11987.992476233652,
      19648.240554050433,
      21103.233624197674,
      20873.348880010595,
      19916.771999600696,
      20781.439950787368,
      20507.695065020347,
      19570.882308097236,
      19107.954813929708,
      20343.23425415854,
      15664.129681971524,
      21008.469976855624,
      20964.7382824295,
      20591.30071108625,
      20664.981116131104,
      18765.422156990608,
      20825.57363164085,
      16035.36914776421,
      21019.033808727792,
      11696.793889880679,
      19476.062186765474,
      19566.38956904789,
      19833.691233313748,
      19476.7454191791,
      19969.2546359858,
      13196.23428320062,
      20564.111179830692,
      20344.040115662294,
      19869.409073879444,
      19688.92572240253
    ],
    "total_waiting_times": [
      7620,
      12584,
      11501,
      11830,
      8882,
      6671,
      6570,
      30212,
      11255,
      6541,
      25915,
      9063,
      7510,
      9294,
      13331,
      13239,
      9617,
      9243,
      7181,
      6171,
      6623,
      7506,
      12574,
      11580,
      7366,
      28156,
      9124,
      23309,
      29984,
      9138,
      10247,
      5851,
      12662,
      10110,
      10629,
      11071,
      8699,
      7409,
      12680,
      7966,
      10031,
      17718,
      6583,
      11210,
      6989,
      9867,
      8301,
      11471,
      7099,
      6245,
      9132,
      30267,
      30404,
      30170,
      7456,
      9059,
      7296,
      11923,
      11771,
      6417,
      6068,
      11290,
      15556,
      26486,
      12882,
      12171,
      22466,
      11874,
      11074,
      7414,
      29041,
      10929,
      5936,
      7247,
      10028,
      7359,
      8131,
      11474,
      12826,
      8569,
      19767,
      6973,
      6872,
      8120,
      7844,
      13583,
      7047,
      18954,
      6780,
      29698,
      11407,
      11387,
      10430,
      12015,
      10202,
      26079,
      8113,
      9030,
      9589,
      11188
    ],
    "avg_queue_lengths": [
      8.5,
      26.5,
      9.25,
      7.75,
      11.75,
      5.75,
      6.25,
      25.5,
      8.75,
      7.5,
      25.5,
      6.75,
      8.0,
      5.0,
      8.5,
      12.0,
      6.75,
      9.5,
      8.75,
      6.5,
      5.5,
      5.0,
      9.0,
      9.5,
      4.0,
      26.0,
      7.25,
      26.25,
      26.5,
      5.5,
      7.5,
      5.5,
      7.75,
      8.75,
      5.75,
      12.75,
      8.0,
      8.0,
      7.0,
      6.75,
      10.75,
      26.0,
      5.0,
      11.25,
      5.75,
      5.75,
      4.5,
      12.75,
      5.75,
      3.5,
      6.25,
      25.5,
      25.75,
      26.25,
      6.5,
      8.5,
      8.5,
      11.75,
      13.25,
      10.0,
      6.0,
      8.0,
      14.0,
      26.25,
      7.5,
      9.75,
      26.5,
      14.0,
      12.75,
      6.0,
      26.5,
      7.25,
      3.5,
      7.0,
      14.0,
      7.25,
      6.75,
      13.75,
      5.25,
      8.5,
      25.75,
      4.0,
      6.75,
      5.0,
      4.75,
      11.5,
      5.75,
      26.5,
      5.0,
      25.75,
      8.25,
      14.5,
      9.0,
      10.25,
      7.0,
      26.0,
      6.75,
      6.0,
      8.75,
      8.75
    ],
    "throughputs": [
      0,
      0,
      0,
      0,
      0,
      0,
      0,
      0,
      0,
      0,
      0,
      0,
      0,
      0,
      0,
      0,
      0,
      0,
      0,
      0,
      0,
      0,
      0,
      0,
      0,
      0,
      0,
      0,
      0,
      0,
      0,
      0,
      0,
      0,
      0,
      0,
      0,
      0,
      0,
      0,
      0,
      0,
      0,
      0,
      0,
      0,
      0,
      0,
      0,
      0,
      0,
      0,
      0,
      0,
      0,
      0,
      0,
      0,
      0,
      0,
      0,
      0,
      0,
      0,
      0,
      0,
      0,
      0,
      0,
      0,
      0,
      0,
      0,
      0,
      0,
      0,
      0,
      0,
      0,
      0,
      0,
      0,
      0,
      0,
      0,
      0,
      0,
      0,
      0,
      0,
      0,
      0,
      0,
      0,
      0,
      0,
      0,
      0,
      0,
      0
    ]
  }
}