{
  "configuration": "full_system",
  "episodes": 100,
  "mean_reward": 21785.399406574074,
  "std_reward": 45.56364158798007,
  "detailed_results": {
    "total_rewards": [
      21742.854576067864,
      21882.894224595577,
      21728.263012742736,
      21804.544789198815,
      21766.26711291324,
      21831.652690470062,
      21733.138327134468,
      21742.22739061808,
      21782.765607488687,
      21794.79210733267,
      21786.93652314476,
      21753.923891640377,
      21797.126141028828,
      21728.89951683343,
      21796.658644818606,
      21845.49396717611,
      21771.48097821889,
      21817.93904763074,
      21759.58873562028,
      21793.820826368934,
      21728.203735496394,
      21748.820925024294,
      21720.908638397945,
      21739.636149641636,
      21825.875050768867,
      21816.090896435406,
      21762.467070472245,
      21717.40092861699,
      21729.143539578537,
      21745.477177048622,
      21835.47925430429,
      21790.44586827115,
      21787.61009461605,
      21761.40952348913,
      21748.28920361907,
      21760.720142616185,
      21823.532007843987,
      21792.900030283217,
      21744.22595393911,
      21768.511287181223,
      21834.627987464122,
      21859.339855170583,
      21856.708939000848,
      21791.102862797085,
      21794.682520704162,
      21873.731796805427,
      21850.143737616443,
      21785.186946448506,
      21815.748384459355,
      21749.72918063143,
      21740.578053993613,
      21778.370845907062,
      21778.730776356533,
      21803.92121795057,
      21785.0675833814,
      21885.378804463442,
      21698.783342150906,
      21794.49034645623,
      21807.60843288649,
      21658.055861593835,
      21849.34280447451,
      21750.53951170005,
      21762.32530822729,
      21797.472237547005,
      21768.033415462047,
      21805.98176186944,
      21780.608920080278,
      21729.216989064516,
      21750.11647076909,
      21713.33482711321,
      21829.111701503112,
      21825.508841720726,
      21816.644153083365,
      21733.010626942287,
      21787.00927386966,
      21772.30401952899,
      21798.24002010637,
      21799.24997405468,
      21802.846415519172,
      21767.442489835248,
      21770.024329697113,
      21770.108491560408,
      21852.445999136216,
      21769.541025150687,
      21826.79551712251,
      21704.73711505808,
      21818.143231593975,
      21884.65651402409,
      21842.845455031063,
      21793.26229535257,
      21814.640736417914,
      21799.912654269712,
      21719.839141896413,
      21738.45327971819,
      21856.356320399867,
      21835.677739063187,
      21716.91423977988,
      21866.679147539024,
      21802.07902871088,
      21768.085568488947
    ],
    "total_waiting_times": [
      3970,
      4102,
      4008,
      4047,
      3962,
      4104,
      3990,
      3930,
      4017,
      4088,
      4063,
      3965,
      3975,
      4036,
      4058,
      4098,
      3993,
      4054,
      4011,
      3985,
      3966,
      3966,
      4055,
      3989,
      4048,
      4036,
      3967,
      3932,
      4017,
      3974,
      4056,
      4032,
      4031,
      4009,
      4034,
      3972,
      4072,
      4013,
      4005,
      3946,
      4087,
      4109,
      4150,
      4122,
      4052,
      4076,
      4081,
      4085,
      4067,
      3995,
      3972,
      3962,
      4102,
      4056,
      3991,
      4113,
      4010,
      4043,
      4042,
      3915,
      4173,
      4017,
      4011,
      4058,
      4062,
      4035,
      4061,
      3984,
      4000,
      3952,
      4014,
      4068,
      4067,
      4010,
      4050,
      4014,
      4053,
      3995,
      4049,
      3957,
      3974,
      4066,
      4134,
      3938,
      4108,
      3936,
      4101,
      4146,
      4018,
      4059,
      4083,
      4039,
      3996,
      3946,
      4039,
      4050,
      3919,
      4200,
      4127,
      3975
    ],
    "avg_queue_lengths": [
      4.0,
      4.5,
      3.0,
      3.75,
      2.75,
      4.75,
      2.25,
      2.75,
      3.25,
      3.75,
      4.5,
      3.5,
      3.5,
      4.0,
      3.0,
      3.75,
      3.0,
      3.0,
      3.75,
      4.0,
      2.75,
      2.0,
      3.75,
      3.0,
      3.5,
      3.5,
      3.5,
      3.5,
      2.5,
      3.75,
      3.5,
      3.0,
      4.25,
      3.5,
      3.25,
      3.75,
      2.75,
      2.5,
      2.5,
      2.5,
      2.75,
      4.0,
      3.5,
      3.25,
      2.0,
      2.75,
      3.25,
      2.75,
      3.0,
      3.25,
      3.5,
      4.0,
      4.25,
      3.5,
      2.75,
      3.75,
      3.75,
      3.5,
      3.0,
      3.75,
      4.0,
      4.0,
      3.25,
      3.25,
      2.75,
      4.0,
      3.0,
      2.75,
      2.0,
      3.25,
      3.5,
      3.25,
      3.0,
      3.0,
      2.5,
      4.0,
      3.25,
      3.75,
      3.5,
      4.0,
      3.5,
      3.75,
      3.5,
      3.0,
      3.75,
      3.5,
      3.5,
      3.25,
      4.0,
      3.5,
      4.25,
      4.0,
      3.25,
      3.25,
      2.75,
      3.0,
      2.75,
      3.75,
      2.5,
      3.0
    ],
    "throughputs": [
      0,
      0,
      0,
      0,
      0,
      0,
      0,
      0,
      0,
      0,
      0,
      0,
      0,
      0,
      0,
      0,
      0,
      0,
      0,
      0,
      0,
      0,
      0,
      0,
      0,
      0,
      0,
      0,
      0,
      0,
      0,
      0,
      0,
      0,
      0,
      0,
      0,
      0,
      0,
      0,
      0,
      0,
      0,
      0,
      0,
      0,
      0,
      0,
      0,
      0,
      0,
      0,
      0,
      0,
      0,
      0,
      0,
      0,
      0,
      0,
      0,
      0,
      0,
      0,
      0,
      0,
      0,
      0,
      0,
      0,
      0,
      0,
      0,
      0,
      0,
      0,
      0,
      0,
      0,
      0,
      0,
      0,
      0,
      0,
      0,
      0,
      0,
      0,
      0,
      0,
      0,
      0,
      0,
      0,
      0,
      0,
      0,
      0,
      0,
      0
    ]
  }
}