{
  "controller": "actuated",
  "mean_reward": 20990.63297864943,
  "std_reward": 49.91434845187029,
  "results": {
    "total_rewards": [
      20972.587708178573,
      20916.49572858293,
      20963.118504770984,
      20997.376980866466,
      21019.138987565184,
      21037.01406907502,
      20971.012602608054,
      21062.84979111473,
      20903.353770851845,
      21044.22052313381,
      21046.797531586006,
      20931.59966836028,
      20968.839778406968,
      21043.4676336793,
      20999.314462920636,
      20998.341044489047,
      20997.414679123256,
      20931.99318188296,
      20953.22467617688,
      21001.381814868888,
      21101.80655410802,
      20947.27708772826,
      20965.54400075935,
      20966.81936210075,
      21005.612683264586,
      21000.537006920655,
      21024.090965625233,
      21016.987139992012,
      20889.72367945973,
      21047.5530243942,
      20951.715142748195,
      20938.552550054053,
      20960.269294193855,
      20977.762400630614,
      21007.516617730107,
      21019.15633497119,
      21010.706518819337,
      20919.49394365639,
      21034.794493325582,
      21060.168083285163,
      21009.406979000825,
      20844.267362339644,
      21006.139076174968,
      20921.87460883841,
      21019.071858293424,
      21012.444924813888,
      20982.051100444514,
      20991.591626511465,
      21002.44659712481,
      21005.114698437104,
      21014.509953049142,
      20958.506270900692,
      20974.011509799042,
      20956.798503334747,
      21009.959952225505,
      20958.17508946062,
      21056.222334267615,
      20998.255009477485,
      21015.23470451181,
      20933.447069698952,
      20923.403564074117,
      20952.234707935848,
      20993.113290013316,
      20922.124461265896,
      21070.797473110866,
      20985.27849692924,
      20946.310576214884,
      20988.21868528753,
      20979.367022622308,
      20888.346751869052,
      21009.363930251366,
      21007.81260850273,
      20980.151375355326,
      21041.112385872566,
      20905.11859139446,
      20975.054604162036,
      20964.115307151882,
      20970.726370352702,
      21028.009958979674,
      21057.48090878096,
      20967.200548509707,
      21046.018503530344,
      20979.176329572714,
      20993.047305851924,
      20953.579456577438,
      21022.681737659786,
      20953.186123302094,
      21067.374098154894,
      20905.379721215097,
      20984.763837314396,
      20978.821417730633,
      21017.839225140357,
      21112.455341802335,
      21029.270815897027,
      21014.946330142193,
      20954.68322239237,
      21007.0276287669,
      20980.158547279047,
      20966.185815154826,
      20991.766448277427,
      20925.86918945788,
      20970.49868140796,
      20923.74820441618,
      20941.353315685992,
      20949.319931345544,
      20978.9244867689,
      21075.83927466673,
      20952.52651522319,
      21019.229917319324,
      21006.350491528035,
      20993.54081933468,
      21044.514559233412,
      20989.409370760917,
      21027.269087411067,
      20941.375675113795,
      20929.692206685006,
      21106.064657101073,
      21007.34786728339,
      20957.10745989463,
      20949.934708106146,
      21017.35320724855,
      21044.93183970849,
      21018.09782842859,
      21042.32325140305,
      20964.743331015412,
      21000.05691728849,
      20996.110559570876,
      20939.404128817187,
      21106.205262488438,
      20936.267978777552,
      20969.901225271344,
      20927.975535091427,
      20983.050202528804,
      20937.69749422843,
      21007.855350009384,
      20985.13838544844,
      20946.602933535065,
      20958.650793419023,
      20984.830623705602,
      20966.01454430045,
      20990.55737723902,
      21023.91785599982,
      21069.859398412013,
      21001.35563426259,
      20915.89815974837,
      21000.03324053343,
      20959.462955404328,
      21034.248227522618,
      20979.125304119072,
      20942.870235245806,
      20943.258085668484,
      20948.236395378608,
      20991.029049820332,
      20941.97746118608,
      20946.702226939295,
      20973.27205045036,
      20987.27425713063,
      20955.09027094832,
      20918.49174986239,
      21070.32968945898,
      20989.66783006058,
      20938.099178578817,
      21043.00272902285,
      20988.221697327717,
      20965.58687541632,
      20967.122545573537,
      20941.656148439277,
      20969.833424063836,
      20941.71398018196,
      21084.510504064136,
      20940.177405361817,
      21007.565480966736,
      21033.542119206497,
      21019.19241562404,
      21068.509433355346,
      20976.931229065467,
      21062.155450683815,
      21048.579281093454,
      20992.298027385583,
      20908.59981772582,
      21018.36345850954,
      21036.03026178507,
      21055.363069950152,
      20993.60488677112,
      20958.55810920084,
      20933.914844831776,
      21030.25031890019,
      20990.4000872435,
      21076.603637934037,
      20932.445819539505,
      21017.47920160523,
      20975.70343114976,
      21014.78067901891,
      20909.2787105541,
      20987.671833771154,
      20987.850131426076,
      21048.136956112136,
      20946.356781692408,
      21008.092133487047,
      21070.251864889466,
      20890.05454993473,
      20996.29345204213,
      21067.063449908663,
      21048.346068811632,
      20984.81286447531,
      21009.379813582058,
      21026.00809170242,
      20998.43388629946,
      21009.715707013056,
      21011.09547801995,
      20965.245679092684,
      21093.13454029051,
      20942.232957759054,
      21019.408639182537,
      21014.405713847467,
      20895.966522521132,
      20993.295905421943,
      21001.20170549756,
      20892.25317697844,
      20965.05731780687,
      21009.432306702995,
      20995.697811452836,
      20971.02731625343,
      21009.28900624193,
      20884.691304566633,
      21024.50025882257,
      20981.75901963442,
      20947.041431537713,
      20922.30826252631,
      20970.06422769581,
      21033.90117218245,
      20953.514357086166,
      20979.43030140606,
      20914.046985870726,
      20952.64349470351,
      20956.844934851706,
      21051.454065555143,
      21020.51884790478,
      21054.06158413664,
      21032.08822474795,
      20984.98691330044,
      21024.721655650315,
      20932.86330750798,
      20970.602118407198,
      21074.4193389217,
      20921.762162642342,
      20894.7063544559,
      20995.951625990147,
      20872.348564055523,
      20936.67144260729,
      20963.40820647342,
      21040.697144276266,
      21002.852492614114,
      21015.77750485083,
      21085.083289224833,
      20983.747104707603,
      21023.315249614952,
      20959.27590242384,
      21007.261419952734,
      20984.76447192497,
      20974.630567177195,
      21017.977009915267,
      21006.58447054685,
      21000.062775094426,
      21022.218488575774,
      20957.838362867573,
      21106.64002955138,
      21066.180200431638,
      20933.750828086224,
      21047.048034789426,
      20933.67924957011,
      20934.795449348567,
      21088.052444596186,
      20917.532684555576,
      21147.20393914031,
      21020.7872206081,
      20906.690160445934,
      21079.320593487657,
      21008.269373233543,
      21013.032345118478,
      20960.67215049395,
      20945.523184565925,
      21091.490026788597,
      20977.808220275343,
      21000.76939862112,
      20966.349092078817,
      20978.805869904856,
      20988.492136237768,
      20972.956601761816,
      21056.70735131399,
      21021.079986872955,
      21033.5859555254,
      21090.162265427636,
      20928.442858601713,
      21054.271189695894,
      20997.944984569654,
      20984.158558016465,
      20988.496702812725,
      20924.446211686187,
      20935.48599022542,
      20994.25850164004,
      20920.502112768107,
      21049.795360286644,
      21001.431150678873,
      20992.894660767528,
      21017.40651840055,
      20912.471371651893,
