{
  "controller": "fixed_time",
  "mean_reward": 13955.203377928678,
  "std_reward": 71.55062707750056,
  "results": {
    "total_rewards": [
      14007.0225767631,
      13961.008724684816,
      13925.506322514906,
      13978.47720144321,
      14057.943391663524,
      13836.796410496088,
      13929.900658405204,
      13951.584832953757,
      14003.79299102242,
      13929.359830352689,
      13891.576508524313,
      13979.047235636792,
      14027.750372491444,
      14065.830883672268,
      13979.782879704446,
      13849.317875830946,
      13903.617301387516,
      14120.208937302403,
      14079.267939772475,
      14028.665944252523,
      14141.308783895769,
      13830.712685832392,
      13980.30811233311,
      13951.654306946275,
      13910.043239804505,
      14047.187359793112,
      13854.79567108137,
      13925.050407673687,
      13921.469155623285,
      13931.011194038038,
      14033.098588111043,
      14069.53754128868,
      13977.837853203275,
      13993.9102064353,
      13902.854419543768,
      14033.94540744834,
      13945.637130012085,
      13961.190549898183,
      13874.275085579366,
      13931.330630085,
      13915.875092369777,
      13972.402852652242,
      13985.766362719534,
      13905.184178247955,
      13968.20866862473,
      13926.96917389508,
      13857.022246793578,
      13930.635872945437,
      13979.622478728592,
      13982.181831435815,
      13948.656501113812,
      14061.040176327482,
      14020.400513250404,
      13980.32683358485,
      13903.8303297725,
      13988.186029929393,
      14002.437446316531,
      13913.367012582665,
      13971.672453507232,
      14056.419618988866,
      13973.065702994323,
      13848.782857651413,
      13992.23300095849,
      13934.086192234565,
      13919.581142012878,
      13898.402933344638,
      14093.800148498816,
      13927.789586155002,
      13997.893111508263,
      13971.433673994967,
      13920.643636719562,
      13934.419960756144,
      14054.86667212328,
      13946.657393983596,
      13961.880862631002,
      14037.16829539746,
      14033.827014762823,
      13865.901893354607,
      14103.574692171951,
      14086.44762791507,
      13919.835962698646,
      13941.51860469237,
      13896.61850351725,
      13966.713613445776,
      14084.888021568378,
      13976.390410947617,
      14043.059394356367,
      14093.269727135861,
      14009.044928450485,
      13993.551502374812,
      13819.139662296951,
      13972.734954592644,
      14025.390627861614,
      13789.205880785463,
      14006.226669254347,
      13936.790609500666,
      13850.029918019018,
      13993.272759292244,
      13884.030757274886,
      13839.961107038771,
      13852.80679978488,
      13998.283709637872,
      13963.472906574962,
      13908.970574933439,
      14004.317441800305,
      14002.513336788596,
      14022.424166015142,
      13986.50683585475,
      13788.099714060249,
      14010.702519626873,
      14058.519958505856,
      13829.031383540878,
      14091.132496537448,
      13970.090088339322,
      13910.124685545099,
      13951.266400431263,
      13850.032384149587,
      13939.279532569666,
      14018.50278217606,
      13939.722576678447,
      14035.094781034157,
      14008.784513337749,
      13855.443496700871,
      13899.932596728328,
      13946.96418550528,
      13868.595974413198,
      13886.382338643727,
      13900.351818038867,
      13812.10522524986,
      13959.331726295464,
      13930.884947449338,
      13970.649339037069,
      14082.05036974944,
      13864.248212144726,
      13870.101135389361,
      14037.21917535822,
      13941.824455630931,
      13941.273317963167,
      14037.474797571504,
      14042.931781207457,
      13932.697523461939,
      14086.269359492433,
      14075.150871141728,
      13863.644199558621,
      13983.483240053389,
      14097.877482142614,
      14003.631962042484,
      13959.946454675779,
      14022.40462428279,
      13979.77944357547,
      13876.9049424453,
      13982.279712827303,
      13783.038653454545,
      14006.29110633156,
      13954.273926111668,
      13894.338161568174,
      13999.17649391629,
      13887.841423156015,
      13911.04177603455,
      14027.814016789369,
      13876.886062789667,
      14012.543953875434,
      13908.59393560999,
      14042.633733351147,
      14063.754051491063,
      13968.850597090515,
      13897.03062938606,
      13865.471106926849,
      13952.860543610232,
      13869.050082565662,
      13931.910608838836,
      14009.899065737063,
      13933.480762855326,
      14029.989702593557,
      13912.44637216393,
      14097.490419687949,
      13898.260223231851,
      14037.31923874322,
      13955.392918300273,
      13929.494623274797,
      13990.979256946795,
      14071.789341693142,
      13949.804823122888,
      13919.571076545755,
      14023.204972451485,
      14009.775798264805,
      14016.280984036768,
      14049.65193084339,
      14030.082799671334,
      13910.83358138442,
      14116.456775358447,
      13789.146918596429,
      13968.093806939865,
      13883.434912368015,
      13896.407330115962,
      14015.374379950095,
      13999.820729228062,
      13964.64320626376,
      13981.358022995417,
      13776.015919711037,
      13913.775007830647,
      13919.471937365302,
      13932.04742504708,
      14002.4688797284,
      14026.64435290186,
      13996.064321975618,
      13882.437991069315,
      13890.616049221715,
      13970.351482927807,
      13971.208611664208,
      14103.25681249398,
      14009.182498029162,
      13921.839832743555,
      13940.400754451115,
      14050.66149576399,
      13930.427339720694,
      13996.268953396617,
      13957.109543402183,
      13993.353992837521,
      13993.566599705982,
      14000.00039188046,
      13890.171915180392,
      13928.983870749667,
      13873.733854807011,
      13997.835671779003,
      13896.612976584405,
      13949.771462098915,
      13911.514294111652,
      13997.358909320867,
      13953.011130803405,
      13965.252325271427,
      13846.433602952455,
      14035.496797884347,
      13978.7329354227,
      14069.360333509088,
      13923.205138810603,
      13985.613388447744,
      13987.468510536184,
      13911.130621322049,
      13950.438023566128,
      13879.480219361423,
      13983.496465527496,
      14077.699179670684,
      13902.730437161563,
      14014.453166369509,
      13907.846302115515,
      14053.061966901498,
      13876.785340574852,
      13821.82256620883,
      13865.86220027526,
      13965.924233120832,
      13876.167521125519,
      13972.195064855963,
      14056.883544874117,
      13807.571036004349,
      13862.391518039036,
      13963.457147304875,
      13936.01196873399,
      14042.661046703375,
      13980.759496774597,
      13865.457056843377,
      13982.73088274181,
      13973.04742115486,
      14006.168981155479,
      13925.035418498861,
      13966.009599394916,
      13914.458386223243,
      13930.527224965135,
      13877.84205353034,
      13984.5120817906,
      13987.886513077892,
      13894.408667973708,
      13957.09693832424,
      13895.321867456509,
      13926.317088402942,
      14085.524420261536,
      13945.676161590263,
      13903.60687714843,
      14037.75451966767,
      14133.028378669916,
      13808.836759502625,
      13981.324748150158,
      13959.897478656465,
      13865.826734852133,
      13947.700404047797,
      13959.410004926907,
      13799.294133421914,
      13926.049858591281,
      13986.272100729133,
      13873.054122661491,
      13953.319679963348,
      13995.368524569498,
      13850.505717001426,
      13969.961286929823,
      13919.135054458377,
      13860.0519613646,
      14063.258023150462,
      13872.805197428923,
      13971.064420367005,
      14050.957229491774,
      13971.81487859511,
      13968.78578058911,
      14200.050163292222,
      14012.358300683838,
