{
  "controller": "q_learning",
  "mean_reward": 20937.232579549993,
  "std_reward": 53.58705466446445,
  "results": {
    "total_rewards": [
      21009.566502196496,
      20923.449821802642,
      21016.066851478117,
      21015.266915964192,
      21021.329392607,
      20863.75295141585,
      20995.590482719388,
      20955.437963081527,
      20927.87222207896,
      21030.002093946427,
      20955.666447466818,
      20910.286051826293,
      21008.599427201796,
      20836.66749068844,
      20930.08999796141,
      20991.41249955615,
      20977.45021411601,
      20945.816239773758,
      20908.97122426963,
      20892.867620615434,
      20933.650717104516,
      20897.603080964975,
      20907.227223795002,
      20956.056520244183,
      20896.21668390873,
      21034.428335307246,
      20972.919541405707,
      20810.09598624408,
      20988.099614751027,
      20974.28730465379,
      20961.780183625346,
      20919.361936323563,
      20920.38554570719,
      20941.29408400952,
      20914.07079424915,
      20938.603509474804,
      20916.74840304331,
      20998.110588349595,
      20884.63721186352,
      20936.363947684018,
      20985.052922184404,
      20955.04004333351,
      20915.889520945962,
      20906.79574921772,
      20915.713108923235,
      20915.939721233364,
      20967.457494601378,
      20948.441752333165,
      20871.887334557687,
      20958.967598702668,
      20915.68055119005,
      20975.365623902362,
      20900.42397342351,
      20838.029635577837,
      20858.81411581686,
      21022.367546605525,
      20846.740922036843,
      20892.632744402727,
      20903.01369404802,
      20911.482232657225,
      20980.526338269694,
      20905.92537282493,
      20940.83565552429,
      20988.17774203369,
      20833.459033133542,
      20921.583553557357,
      20976.792111645722,
      20914.13679362206,
      20865.48228286863,
      20861.310288647124,
      20961.541524406282,
      20990.07053747951,
      20939.424041708833,
      20961.874348419027,
      20918.67222107522,
      20909.58424087445,
      20812.829349406013,
      21007.972207222567,
      20971.174218174045,
      20945.29327400016,
      20953.867445506585,
      20954.946112856473,
      20974.969365633668,
      21005.713256990286,
      20939.51608693977,
      20939.92220420344,
      20877.874400594435,
      20894.193579532406,
      20975.39294349104,
      20999.648255425578,
      20947.873804803385,
      21035.05764296861,
      20892.824931687483,
      20900.468989069384,
      20926.34341814009,
      21059.18795635822,
      20921.47271231108,
      20965.65500848449,
      20915.98060631284,
      21026.389180862618,
      20887.316767628898,
      20980.436422793515,
      20984.355597113747,
      21007.326487894534,
      20849.226106626313,
      20960.800120120206,
      20977.651998907644,
      20886.088884806482,
      20946.65840618877,
      20938.962538079653,
      20890.500587596394,
      20951.700896893963,
      21044.325335889454,
      20982.640685866492,
      20976.72870402876,
      20945.579731311067,
      20932.619120262083,
      20917.529720761617,
      20942.75653155015,
      20938.895363132702,
      20939.880084361976,
      20943.080474000224,
      20933.75863050167,
      20975.17191315232,
      21001.60294167521,
      20914.718900654,
      20968.677581336135,
      20969.501098591674,
      20915.457637941516,
      20924.042445674942,
      20916.112785052166,
      20884.16673181274,
      20881.927791990507,
      21030.7426197117,
      20834.564529369924,
      20928.944632021885,
      20840.09710604884,
      20939.348564946926,
      20906.828416716966,
      20923.353361076024,
      20959.844454150505,
      20990.669134834952,
      20942.754416520816,
      20969.360600398755,
      20942.418300502697,
      21016.556038215458,
      20803.99633739139,
      20883.55943277897,
      20960.547794553673,
      20929.812822371798,
      20934.133553957265,
      20891.63888903396,
      20892.6178285543,
      21013.253760726275,
      20933.759647424522,
      20993.804048770417,
      20982.64962915422,
      20957.26565950219,
      20933.913255884385,
      20934.63759775608,
      20962.764204720675,
      20849.631019499182,
      20865.21532779425,
      20879.805541785216,
      20913.137459527978,
      20899.177155246536,
      21035.373129685817,
      20977.55870792805,
      20919.035477576566,
      20922.804273574675,
      21010.64672430473,
      20889.046700822913,
      20981.82851381196,
      20885.142044794076,
      20984.86696400675,
      20864.330371735217,
      20998.838159526484,
      20894.247329515492,
      20889.707835360947,
      20862.82762338809,
      20919.614214593636,
      20908.124863823636,
      20901.42339369686,
      20967.014018173282,
      20907.015743100932,
      20914.15274555522,
      20937.290344778598,
      20933.341851205583,
      20825.425182765106,
      20881.672864425487,
      20942.19563092485,
      20938.4656240696,
      20932.588887393402,
      20922.262466174052,
      20939.850510970693,
      20978.147471988334,
      20893.03934356541,
      20954.270283661775,
      20876.966541901955,
      20920.675194705815,
      20906.774598003438,
      20943.32168405017,
      20907.33740422361,
      20895.069017201688,
      20929.68164805366,
      20993.85028004969,
      21027.14503663158,
      21028.226910851397,
      20967.251225637505,
      21009.833772960603,
      20944.779409474977,
      20920.46061758411,
      20970.08155837183,
      20979.698135378345,
      20918.455248535807,
      20975.812435606196,
      20861.86408708157,
      20964.21216093095,
      20823.324408769717,
      20912.09539964376,
      20921.68078061835,
      21006.914759829586,
      20911.7325219349,
      20929.340425774786,
      20898.410556009934,
      20951.599602237355,
      20890.77691931217,
      20912.832925355986,
      20881.135506496907,
      21004.37195891083,
      20957.82284055229,
      20946.28097426126,
      20855.793398425514,
      21035.148823861793,
      20959.65211624351,
      21026.944893320713,
      20924.06113334799,
      20978.272821449584,
      20969.358381390397,
      20938.722789212105,
      20923.164816126686,
      20854.471864237858,
      20985.961434405915,
      20964.665837157903,
      21052.379360610452,
      20904.191114440626,
      20950.748725909194,
      21033.292512286625,
      20909.949146643736,
      20960.710935512456,
      20951.61210351747,
      20904.190111041837,
      21018.87045237011,
      20900.9531492424,
      20939.633511059383,
      20871.295431818296,
      20831.235670833288,
      20851.7845821163,
      20941.21460782097,
      20921.774271227558,
      20960.420405741646,
      20891.956404109726,
      20903.844318383657,
      20947.406986480728,
      20903.56616431177,
      20892.749263239028,
      20931.46052135018,
      20995.53799999286,
      20993.623634548203,
      21070.5749947882,
      20940.791630166143,
      20953.436754944953,
      20969.041149811714,
      21007.120389070333,
      20928.851757486842,
      21018.477961330853,
      21001.30901840453,
      20935.237679063986,
      20892.70223554338,
      20886.946349519705,
      20955.701519124774,
      20918.477198936627,
      20930.282158900212,
      20961.517505145024,
      20931.92566930673,
      20932.445857694333,
      20945.81184700536,
      21031.26486624381,
      21048.424032700324,
      21046.261584869946,
      20981.22242220196,
      20900.71618264456,
      20879.127263447324,
      20924.882234200453,
      20957.848293912302,
      21027.480793034225,
      20826.050722267766,
      20827.61553928797,
      20973.081470718713,
      20955.447994497837,
      20895.086199401503,
      20856.78960724969,
      20890.327565602955,
      20961.072346945002,
      20990.65038453119,
      20890.89701478196,
