{"(0, 1, 0, 3, 0, 1, 0, 1)": [1378.3431602077906, 1372.288420507985, 1372.0919291549606, 1372.4080900587153, 1372.4247749119381, 1372.1315379053642], "(1, 1, 0, 3, 0, 1, 0, 1)": [1379.5033984330269, 1379.095926410651, 1378.8386464657142, 1372.2549213612563, 1371.9013003665773, 1372.5431430519525], "(1, 1, 1, 3, 0, 1, 0, 1)": [1378.0538237651642, 1378.1480713520716, 1378.7075168216916, 1368.241918490024, 1368.9387660555485, 1370.6520740488384], "(0, 1, 1, 3, 0, 1, 0, 1)": [1378.4778027123843, 1379.9391094869154, 1378.525878726856, 1373.314072065999, 1372.7926318382165, 1371.5416305088886], "(0, 1, 0, 3, 1, 1, 0, 1)": [1371.8045802464028, 1372.4148043334944, 1371.9041040995392, 1379.1787419845323, 1379.3078847428988, 1379.262734136629], "(0, 1, 0, 3, 1, 1, 1, 1)": [1369.779853840723, 1369.0551945101206, 1369.5317517892643, 1378.2095049921652, 1378.6745792697059, 1378.1321773986485], "(0, 1, 0, 3, 0, 1, 1, 1)": [1373.8379932130915, 1373.4292055513142, 1372.5617149429388, 1381.0435676116422, 1378.6616497388698, 1379.0882201137488], "(0, 1, 0, 3, 1, 1, 2, 1)": [1387.6061634738203, 1389.8961803719988, 1387.6119482001802, 1408.4434267460406, 1409.9773114042005, 1405.618815754637], "(1, 1, 2, 3, 0, 1, 0, 1)": [1392.5501280066, 1407.4704413240997, 1392.1058490402331, 1389.322866907797, 1386.7075848154425, 1384.4257355261261], "(2, 1, 2, 3, 0, 1, 0, 1)": [1389.4332362766588, 1402.058645796987, 1382.53194686509, 1337.149480107392, 1370.380236626923, 1250.461384577958], "(0, 1, 2, 3, 0, 1, 0, 1)": [677.6039360329466, 1147.2881645170091, 568.2230997945741, 607.9315824644002, 518.2918934882049, 568.4751288114381], "(0, 1, 1, 3, 1, 1, 0, 1)": [510.4742161646055, 575.2471396448718, 554.7474809600061, 669.4340459847733, 536.8683147648176, 1026.8911253812048], "(0, 1, 0, 3, 2, 1, 2, 1)": [1323.4062044211637, 1250.6520334495374, 1313.2241702215458, 1405.582930086728, 1396.1768830884964, 1395.244589634589], "(2, 1, 1, 3, 0, 1, 0, 1)": [1408.9113200990046, 1409.0005685010606, 1401.4404362061516, 1381.9340849934174, 1386.7083622378423, 1378.0507187512485], "(0, 1, 0, 3, 2, 1, 1, 1)": [1375.6685734788784, 1379.821930451943, 1379.3673523316504, 1377.681909142132, 1407.3547227130364, 1394.811980472709], "(1, 1, 1, 3, 0, 1, 1, 1)": [155.09155340079744, 614.4904543978753, 41.2584742284499, 384.3602411464479, 492.6128822478225, 269.74928020727725], "(3, 1, 2, 3, 0, 1, 0, 1)": [552.2268609969142, 259.53199041052227, 400.43324553230144, 157.42454450459843, 206.86464259217465, 313.1154083143053], "(1, 1, 1, 3, 1, 1, 1, 1)": [58.56448483543292, 176.80150204653938, 154.84700592332328, 316.7794293503357, 13.35732999045624, 359.5386742351198], "(0, 1, 1, 3, 1, 1, 1, 1)": [268.28430920017377, 746.2231935739596, 281.4145341857644, 236.51422533815685, 125.9524450122193, 297.1466650184328], "(0, 1, 1, 3, 0, 1, 1, 1)": [689.2238307151088, 491.0653293554134, 205.9759237792677, 583.3916081860679, 269.21031775838514, 958.2671385047338], "(0, 1, 0, 3, 0, 1, 2, 1)": [745.3809527266264, 695.0725634446226, 726.830752129155, 694.9355628708038, 567.7038923907783, 1051.4062335865592], "(0, 1, 0, 3, 2, 1, 0, 1)": [490.62202981510865, 477.1606034750932, 635.2701970800053, 521.3956924569, 1210.4794139989044, 821.2710511666262], "(0, 1, 1, 3, 1, 1, 2, 1)": [23.541533889523578, 0.0, 0.0, 38.81246925510565, 0.0, 0.0], "(2, 1, 3, 3, 0, 1, 0, 1)": [159.69123680676628, 132.8702697187475, 241.20304838195344, 37.638447304764675, 58.65531062270066, 0.0], "(1, 1, 0, 3, 1, 1, 1, 1)": [345.306611712135, 31.766207065820357, 223.3649452047477, 203.3211697515377, 231.8132565973889, 380.7646911977008], "(1, 1, 0, 3, 0, 1, 1, 1)": [809.6122862568595, 563.0050905986642, 750.5431786026446, 1267.2323082382866, 788.0831501581382, 614.5105577939931], "(1, 1, 1, 3, 1, 1, 0, 1)": [541.3105316824665, 410.9904184462154, 706.0592981188257, 160.68991946190138, 21.676317040718516, 453.92722309575333], "(0, 1, 0, 3, 3, 1, 3, 1)": [0.0, 0.0, 20.423944184774022, 0.0, 115.77666956780075, 74.52585127164805], "(1, 1, 0, 3, 1, 1, 0, 1)": [875.2286881485877, 647.3675346643814, 1189.3462240254419, 512.0405392944206, 602.7947927621792, 876.5438267851113], "(3, 1, 3, 3, 0, 1, 0, 1)": [83.0673158922111, 95.48308352205018, 153.58002625192347, 60.612068451589806, 37.89184652684001, 47.85833123519002], "(3, 1, 4, 3, 0, 1, 0, 1)": [0.0, 17.39614844258935, 7.989386257286988, 0.0, 0.0, 0.0], "(2, 1, 2, 3, 1, 1, 0, 1)": [0.0, 0.0, 0.0, 0.0, 52.60573608589396, 0.0], "(0, 1, 0, 3, 2, 1, 3, 1)": [40.50274616678506, 29.135578944181887, 43.36279597433504, 246.55899008829113, 448.46094061374845, 344.7670964303141], "(0, 1, 0, 3, 1, 1, 3, 1)": [89.22896080186285, 61.301996064995414, 11.525733809869003, 100.59617235204912, 275.8317654834096, 76.68589387443754], "(1, 1, 0, 3, 1, 1, 2, 1)": [176.83711461925537, 0.0, 0.0, 0.0, 0.0, 0.0], "(1, 1, 0, 3, 0, 1, 2, 1)": [0.0, 95.10446335131707, 0.0, 0.0, 18.49407127263336, 63.36688510424797], "(0, 1, 0, 3, 2, 1, 4, 1)": [0.0, 0.0, 0.0, 12.73715545920026, 0.0, 12.32747199224952], "(2, 1, 1, 3, 1, 1, 0, 1)": [0.0, 28.530905107790232, 0.0, 71.07442848374659, 0.0, 0.0], "(2, 1, 1, 3, 0, 1, 1, 1)": [65.71574980013538, 47.13771421981346, 0.0, 0.0, 0.0, 0.0], "(2, 1, 0, 3, 0, 1, 0, 1)": [1230.0682504353874, 684.9763124011668, 664.915196026348, 588.1363483874169, 400.0243955567771, 340.1880199547613], "(0, 1, 0, 3, 3, 1, 2, 1)": [130.1120038980028, 163.9195689498384, 85.75817635352263, 479.5382839979437, 412.5468218554537, 290.94938605098673], "(1, 1, 0, 3, 2, 1, 1, 1)": [0.0, 121.53435783945129, 62.21559942803042, 0.0, 12.289714942109663, 46.34276706294416], "(1, 1, 1, 3, 2, 1, 1, 1)": [6.791292572625672, 0.0, 0.0, 0.0, 0.0, 44.30291354226423], "(0, 1, 1, 3, 2, 1, 2, 1)": [0.0, 0.0, 100.0218218973511, 0.0, 0.0, 0.0], "(0, 1, 1, 3, 2, 1, 1, 1)": [0.0, 0.0, 100.34430741491781, 0.0, 0.0, 0.0], "(1, 1, 3, 3, 0, 1, 0, 1)": [260.30139173452187, 35.4035169885385, 133.2015882762547, 20.063920705474814, 17.21312274818133, 48.43134327881781], "(0, 1, 0, 3, 3, 1, 1, 1)": [93.90077482947254, 143.79844193740232, 52.47974915092014, 202.45722140150838, 248.66800565514427, 81.4063554466198], "(1, 1, 0, 3, 2, 1, 0, 1)": [0.0, 0.0, 0.0, 44.846402930652495, 0.0, 0.0], "(2, 1, 2, 3, 0, 1, 1, 1)": [0.0, 0.0, 5.920540104218826, 125.45179570622099, 0.0, 0.0], "(1, 1, 2, 3, 0, 1, 1, 1)": [0.0, 43.101986614738195, 0.0, 0.0, 139.79021530496595, 0.0], "(4, 1, 2, 3, 0, 1, 0, 1)": [0.0, 0.0, 0.0, 0.0, 3.78, 0.0], "(4, 1, 3, 3, 0, 1, 0, 1)": [0.0, 92.05331923463801, 0.0, 0.0, 0.0, 0.0]}